{\rtf1\ansi\ansicpg1251\cocoartf2709
\cocoatextscaling0\cocoaplatform0{\fonttbl\f0\fnil\fcharset0 Menlo-Regular;}
{\colortbl;\red255\green255\blue255;\red0\green0\blue0;}
{\*\expandedcolortbl;;\csgray\c0;}
\paperw11900\paperh16840\margl1440\margr1440\vieww11520\viewh8400\viewkind0
\pard\tx560\tx1120\tx1680\tx2240\tx2800\tx3360\tx3920\tx4480\tx5040\tx5600\tx6160\tx6720\pardirnatural\partightenfactor0

\f0\fs22 \cf2 \CocoaLigature0 Last login: Fri Oct  6 21:57:38 on ttys002\
aleksandrkalinicev@MacBook-Pro-Aleksandr ~ % mysql -u root -p   \
zsh: command not found: mysql\
aleksandrkalinicev@MacBook-Pro-Aleksandr ~ % export PATH=$\{PATH\}:/usr/local/mysql/bin/ \
aleksandrkalinicev@MacBook-Pro-Aleksandr ~ % mysql -u root -p\
Enter password: \
Welcome to the MySQL monitor.  Commands end with ; or \\g.\
Your MySQL connection id is 50\
Server version: 8.1.0 MySQL Community Server - GPL\
\
Copyright (c) 2000, 2023, Oracle and/or its affiliates.\
\
Oracle is a registered trademark of Oracle Corporation and/or its\
affiliates. Other names may be trademarks of their respective\
owners.\
\
Type 'help;' or '\\h' for help. Type '\\c' to clear the current input statement.\
\
mysql> create table if not exists `groups`\
    -> (\
    ->     id   int AUTO_INCREMENT,\
    ->     name char(6) not null,\
    -> \
    ->     primary key (id)\
    -> );\
ERROR 1046 (3D000): No database selected\
mysql> CREATE DATABASE hw3\
    -> use hw3\
    -> \
    -> ddd\
    -> dd\
    -> d\
    -> d\
    -> s\
    -> fdsffsd\
    -> fsd\
    -> ;\
ERROR 1064 (42000): You have an error in your SQL syntax; check the manual that corresponds to your MySQL server version for the right syntax to use near 'use hw3\
\
ddd\
dd\
d\
d\
s\
fdsffsd\
fsd' at line 2\
mysql> CREATE DATABASE hw3;\
Query OK, 1 row affected (0,04 sec)\
\
mysql> USE HW3\
Database changed\
mysql> create table if not exists `groups`\
    -> (\
    ->     id   int AUTO_INCREMENT,\
    ->     name char(6) not null,\
    -> \
    ->     primary key (id)\
    -> );\
Query OK, 0 rows affected (0,05 sec)\
\
mysql> create table if not exists Persons\
    -> (\
    ->     id         int AUTO_INCREMENT,\
    ->     first_name varchar(30) not null,\
    ->     last_name  varchar(30) not null,\
    ->     birthday   date,\
    ->     email      varchar(50),\
    -> \
    ->     primary key (id),\
    -> \
    ->     unique (email)\
    -> );\
Query OK, 0 rows affected (0,03 sec)\
\
mysql> \
mysql> create table if not exists Lectors\
    -> (\
    ->     id              int,\
    ->     scientific_name varchar(30) not null,\
    -> \
    ->     primary key (id),\
    -> \
    ->     foreign key (id) references Persons (id)\
    -> );\
Query OK, 0 rows affected (0,01 sec)\
\
mysql> \
mysql> create table if not exists Students\
    -> (\
    ->     id              int,\
    ->     group_id        int,\
    ->     student_id_card int,\
    ->     have_contract   bool not null,\
    -> \
    ->     primary key (id),\
    -> \
    ->     unique (student_id_card),\
    -> \
    ->     foreign key (id) references Persons (id),\
    ->     foreign key (group_id) references `groups` (id)\
    -> );\
Query OK, 0 rows affected (0,00 sec)\
\
mysql> \
mysql> create table if not exists Subjects\
    -> (\
    ->     id        int AUTO_INCREMENT,\
    ->     name      varchar(50) not null,\
    ->     lector_id int,\
    -> \
    ->     primary key (id),\
    -> \
    ->     foreign key (lector_id) references Lectors (id)\
    -> );\
Query OK, 0 rows affected (0,01 sec)\
\
mysql> \
mysql> create table if not exists Marks\
    -> (\
    ->     student_id int,\
    ->     subject_id int,\
    ->     mark       char not null,\
    ->     date_registered date not null,\
    -> \
    ->     primary key (student_id, subject_id),\
    -> \
    ->     foreign key (student_id) references Students (id),\
    ->     foreign key (subject_id) references Subjects (id)\
    -> );\
Query OK, 0 rows affected (0,01 sec)\
\
mysql> \
mysql> create table if not exists RELOAD_JOBS_TAB\
    -> (\
    ->     ID                    INTEGER(20)                  not null\
    ->         primary key AUTO_INCREMENT,\
    ->     START_DATE              TIMESTAMP default now() not null,\
    ->     LAST_UPDATE_DATE               TIMESTAMP       default now() not null,\
    ->     STATUS                VARCHAR(20) not null,\
    ->     constraint STATUS_CH\
    ->         check (STATUS IN ('DONE', 'STARTED', 'WAITING', 'ERROR')),\
    ->     TYPE                  VARCHAR(5) not null,\
    ->     constraint TYPE_CH\
    ->         check (TYPE IN ('DATE', 'ID')),\
    ->     MESSAGE_ID            INTEGER(20)      not null\
    -> );\
Query OK, 0 rows affected, 2 warnings (0,01 sec)\
\
mysql> \
mysql> create table if not exists RELOAD_JOBS_DATE_TAB\
    -> (\
    ->     ID                    INTEGER(20)                 not null\
    ->         primary key AUTO_INCREMENT,\
    ->     DATE_FROM              DATE         not null,\
    ->     DATE_TO              DATE         not null,\
    ->     TRANSACTIONS_RELOAD_ID       INTEGER(20)          not null\
    -> );\
Query OK, 0 rows affected, 2 warnings (0,02 sec)\
\
mysql> \
mysql> create table if not exists RELOAD_JOBS_ID_TAB\
    -> (\
    ->     ID                    INTEGER(20)                  not null\
    ->         primary key AUTO_INCREMENT,\
    ->     REQUEST_ID              INTEGER(20)        not null,\
    ->     TRANSACTIONS_RELOAD_ID       INTEGER(20)          not null\
    -> );\
Query OK, 0 rows affected, 3 warnings (0,00 sec)\
\
mysql> \
mysql> create table if not exists RELOAD_MESSAGE_TAB\
    -> (\
    ->     ID                    VARCHAR(20)                  not null\
    ->         primary key,\
    ->     RECEIVING_DATE               TIMESTAMP        default now() not null\
    -> );\
Query OK, 0 rows affected (0,01 sec)\
\
mysql> insert into `groups` (name)\
    -> values ('M34391'),\
    ->        ('M34381'),\
    ->        ('M34371');\
Query OK, 3 rows affected (0,01 sec)\
Records: 3  Duplicates: 0  Warnings: 0\
\
mysql> \
mysql> insert into Persons(first_name, last_name)\
    -> values ('Aleksandr', 'Kalinichev'),\
    ->        ('Jeka', 'Chernatskyi'),\
    ->        ('Lesha', 'Alasheev'),\
    ->        ('Pavel', 'Trifonov'),\
    ->        ('Georgiy', 'Korneev');\
Query OK, 5 rows affected (0,01 sec)\
Records: 5  Duplicates: 0  Warnings: 0\
\
mysql> \
mysql> insert into Students (id, group_id, student_id_card, have_contract)\
    -> values (1, 1, 1, false),\
    ->        (2, 2, 2, true),\
    ->        (3, 3, 3, false);\
Query OK, 3 rows affected (0,01 sec)\
Records: 3  Duplicates: 0  Warnings: 0\
\
mysql> \
mysql> insert into Lectors (id, scientific_name)\
    -> values (4, 'doctor'),\
    ->        (5, 'master');\
Query OK, 2 rows affected (0,00 sec)\
Records: 2  Duplicates: 0  Warnings: 0\
\
mysql> \
mysql> insert into Persons(first_name, last_name)\
    -> values ('Vitya', 'Slotin'),\
    ->        ('Petya', 'Pravin');\
Query OK, 2 rows affected (0,00 sec)\
Records: 2  Duplicates: 0  Warnings: 0\
\
mysql> \
mysql> insert into Students (id, group_id, student_id_card, have_contract)\
    -> values (4, 2, 4, false),\
    ->        (5, 2, 5, true);\
Query OK, 2 rows affected (0,01 sec)\
Records: 2  Duplicates: 0  Warnings: 0\
\
mysql> select student_id_card, first_name, last_name\
    -> from Students,\
    ->      Persons\
    -> where Students.id = Persons.id;\
+-----------------+------------+-------------+\
| student_id_card | first_name | last_name   |\
+-----------------+------------+-------------+\
|               1 | Aleksandr  | Kalinichev  |\
|               2 | Jeka       | Chernatskyi |\
|               3 | Lesha      | Alasheev    |\
|               4 | Pavel      | Trifonov    |\
|               5 | Georgiy    | Korneev     |\
+-----------------+------------+-------------+\
5 rows in set (0,01 sec)\
\
mysql> SELECT Persons.id, first_name, last_name, student_id_card, gr.name\
    -> FROM Persons\
    ->          INNER JOIN Students S on Persons.id = S.id\
    ->          INNER JOIN `groups` gr on S.group_id = gr.id\
    -> where group_id = '2';\
+----+------------+-------------+-----------------+--------+\
| id | first_name | last_name   | student_id_card | name   |\
+----+------------+-------------+-----------------+--------+\
|  2 | Jeka       | Chernatskyi |               2 | M34381 |\
|  4 | Pavel      | Trifonov    |               4 | M34381 |\
|  5 | Georgiy    | Korneev     |               5 | M34381 |\
+----+------------+-------------+-----------------+--------+\
3 rows in set (0,01 sec)\
\
mysql> \
mysql> #Aggreagte function count( counting number of people sith same first_name)\
Query OK, 0 rows affected (0,00 sec)\
\
mysql> SELECT id, first_name, last_name, COUNT(first_name)\
    -> FROM persons\
    -> GROUP BY id;\
+----+------------+-------------+-------------------+\
| id | first_name | last_name   | COUNT(first_name) |\
+----+------------+-------------+-------------------+\
|  1 | Aleksandr  | Kalinichev  |                 1 |\
|  2 | Jeka       | Chernatskyi |                 1 |\
|  3 | Lesha      | Alasheev    |                 1 |\
|  4 | Pavel      | Trifonov    |                 1 |\
|  5 | Georgiy    | Korneev     |                 1 |\
|  6 | Vitya      | Slotin      |                 1 |\
|  7 | Petya      | Pravin      |                 1 |\
+----+------------+-------------+-------------------+\
7 rows in set (0,00 sec)\
\
mysql> \
mysql> #Group by\
Query OK, 0 rows affected (0,00 sec)\
\
mysql> SELECT COUNT(group_id), name\
    -> from Students\
    ->          inner join `groups` gr on Students.group_id = gr.id\
    -> group by group_id\
    -> having count(group_id) > 1\
    -> ;\
+-----------------+--------+\
| COUNT(group_id) | name   |\
+-----------------+--------+\
|               3 | M34381 |\
+-----------------+--------+\
1 row in set (0,00 sec)\
\
mysql> \
}